Workbook

Sheet Node
A1: id | B1: type | C1: pressure(MPa) | D1: injection(kg/s) | E1: T(Celsius) | F1: remark | G1: my_type
A2: 1 | B2: 定压力 | C2: 0.2 | E2: 55 | F2: 供水网
A3: 2 | B3: 定注入 | F3: 供水网
A4: 3 | B4: 定注入 | F4: 供水网
A5: 4 | B5: 定注入 | F5: 供水网
A6: 5 | B6: 定注入 | F6: 供水网
A7: 6 | B7: 定注入 | F7: 供水网
A8: 7 | B8: 定注入 | F8: 供水网
A9: 8 | B9: 定注入 | F9: 供水网
A10: 9 | B10: 定注入 | F10: 供水网
A11: 10 | B11: 定注入 | F11: 供水网
A12: 11 | B12: 定注入 | F12: 回水网 | G12: outlet
A13: 12 | B13: 定注入 | F13: 回水网
A14: 13 | B14: 定注入 | F14: 回水网
A15: 14 | B15: 定注入 | F15: 回水网
A16: 15 | B16: 定注入 | F16: 回水网
A17: 16 | B17: 定注入 | F17: 回水网
A18: 17 | B18: 定注入 | F18: 回水网
A19: 18 | B19: 定注入 | F19: 回水网
A20: 19 | B20: 定注入 | F20: 回水网
A21: 20 | B21: 定注入 | F21: 回水网

Sheet Branch
A1: id | B1: from node | C1: to node | D1: length | E1: diameter | F1: fraction | G1: disspation | H1: valve | I1: pump | J1: remark | K1: L_R
A2: 1 | B2: 1 | C2: 2 | D2: 30 | E2: =管径设计!D3 -> 200 | F2: =1/(1.14+2*LOG10((E2/0.5)))^2 -> 0.024846043 | G2: =3.14*E2/1000/(0.03/0.023+0.01/0.5+1/1500+1/100) -> 0.47040688 | J2: 供水网 | K2: =RANDBETWEEN(30,100) -> 32
A3: 2 | B3: 2 | C3: 3 | D3: 45 | E3: =管径设计!D4 -> 200 | F3: =1/(1.14+2*LOG10((E3/0.5)))^2 -> 0.024846043 | G3: =3.14*E3/1000/(0.03/0.023+0.01/0.5+1/1500+1/100) -> 0.47040688 | J3: 供水网 | K3: =RANDBETWEEN(30,100) -> 96
A4: 3 | B4: 3 | C4: 4 | D4: 82 | E4: =管径设计!D5 -> 150 | F4: =1/(1.14+2*LOG10((E4/0.5)))^2 -> 0.026925299 | G4: =3.14*E4/1000/(0.03/0.023+0.01/0.5+1/1500+1/100) -> 0.35280516 | J4: 供水网 | K4: =RANDBETWEEN(30,100) -> 37
A5: 4 | B5: 4 | C5: 10 | D5: 99 | E5: =管径设计!D6 -> 125 | F5: =1/(1.14+2*LOG10((E5/0.5)))^2 -> 0.028381136 | G5: =3.14*E5/1000/(0.03/0.023+0.01/0.5+1/1500+1/100) -> 0.2940043 | H5: 5 | J5: 供水网 | K5: =RANDBETWEEN(30,100) -> 70
A6: 5 | B6: 3 | C6: 8 | D6: 62 | E6: =管径设计!D10 -> 100 | F6: =1/(1.14+2*LOG10((E6/0.5)))^2 -> 0.030329451 | G6: =3.14*E6/1000/(0.03/0.023+0.01/0.5+1/1500+1/100) -> 0.23520344 | H6: 3 | J6: 供水网 | K6: =RANDBETWEEN(30,100) -> 97
A7: 6 | B7: 4 | C7: 9 | D7: 84 | E7: =管径设计!D11 -> 125 | F7: =1/(1.14+2*LOG10((E7/0.5)))^2 -> 0.028381136 | G7: =3.14*E7/1000/(0.03/0.023+0.01/0.5+1/1500+1/100) -> 0.2940043 | H7: 4 | J7: 供水网 | K7: =RANDBETWEEN(30,100) -> 97
A8: 7 | B8: 2 | C8: 5 | D8: 67 | E8: =管径设计!D12 -> 125 | F8: =1/(1.14+2*LOG10((E8/0.5)))^2 -> 0.028381136 | G8: =3.14*E8/1000/(0.03/0.023+0.01/0.5+1/1500+1/100) -> 0.2940043 | J8: 供水网 | K8: =RANDBETWEEN(30,100) -> 41
A9: 8 | B9: 5 | C9: 6 | D9: 92 | E9: =管径设计!D13 -> 65 | F9: =1/(1.14+2*LOG10((E9/0.5)))^2 -> 0.034705101 | G9: =3.14*E9/1000/(0.03/0.023+0.01/0.5+1/1500+1/100) -> 0.15288224 | H9: 1 | J9: 供水网 | K9: =RANDBETWEEN(30,100) -> 92
A10: 9 | B10: 5 | C10: 7 | D10: 37 | E10: =管径设计!D14 -> 100 | F10: =1/(1.14+2*LOG10((E10/0.5)))^2 -> 0.030329451 | G10: =3.14*E10/1000/(0.03/0.023+0.01/0.5+1/1500+1/100) -> 0.23520344 | H10: 2 | J10: 供水网 | K10: =RANDBETWEEN(30,100) -> 32
A11: 10 | B11: =C2+10 -> 12 | C11: =B2+10 -> 11 | D11: =D2 -> 30 | E11: =E2 -> 200 | F11: =1/(1.14+2*LOG10((E11/0.5)))^2 -> 0.024846043 | G11: =3.14*E11/1000/(0.03/0.023+0.01/0.5+1/1500+1/100) -> 0.47040688 | J11: 回水网
A12: 11 | B12: =C3+10 -> 13 | C12: =B3+10 -> 12 | D12: =D3 -> 45 | E12: =E3 -> 200 | F12: =1/(1.14+2*LOG10((E12/0.5)))^2 -> 0.024846043 | G12: =3.14*E12/1000/(0.03/0.023+0.01/0.5+1/1500+1/100) -> 0.47040688 | J12: 回水网
A13: 12 | B13: =C4+10 -> 14 | C13: =B4+10 -> 13 | D13: =D4 -> 82 | E13: =E4 -> 150 | F13: =1/(1.14+2*LOG10((E13/0.5)))^2 -> 0.026925299 | G13: =3.14*E13/1000/(0.03/0.023+0.01/0.5+1/1500+1/100) -> 0.35280516 | J13: 回水网
A14: 13 | B14: =C5+10 -> 20 | C14: =B5+10 -> 14 | D14: =D5 -> 99 | E14: =E5 -> 125 | F14: =1/(1.14+2*LOG10((E14/0.5)))^2 -> 0.028381136 | G14: =3.14*E14/1000/(0.03/0.023+0.01/0.5+1/1500+1/100) -> 0.2940043 | J14: 回水网
A15: 14 | B15: =C6+10 -> 18 | C15: =B6+10 -> 13 | D15: =D6 -> 62 | E15: =E6 -> 100 | F15: =1/(1.14+2*LOG10((E15/0.5)))^2 -> 0.030329451 | G15: =3.14*E15/1000/(0.03/0.023+0.01/0.5+1/1500+1/100) -> 0.23520344 | J15: 回水网
A16: 15 | B16: =C7+10 -> 19 | C16: =B7+10 -> 14 | D16: =D7 -> 84 | E16: =E7 -> 125 | F16: =1/(1.14+2*LOG10((E16/0.5)))^2 -> 0.028381136 | G16: =3.14*E16/1000/(0.03/0.023+0.01/0.5+1/1500+1/100) -> 0.2940043 | J16: 回水网
A17: 16 | B17: =C8+10 -> 15 | C17: =B8+10 -> 12 | D17: =D8 -> 67 | E17: =E8 -> 125 | F17: =1/(1.14+2*LOG10((E17/0.5)))^2 -> 0.028381136 | G17: =3.14*E17/1000/(0.03/0.023+0.01/0.5+1/1500+1/100) -> 0.2940043 | J17: 回水网
A18: 17 | B18: =C9+10 -> 16 | C18: =B9+10 -> 15 | D18: =D9 -> 92 | E18: =E9 -> 65 | F18: =1/(1.14+2*LOG10((E18/0.5)))^2 -> 0.034705101 | G18: =3.14*E18/1000/(0.03/0.023+0.01/0.5+1/1500+1/100) -> 0.15288224 | J18: 回水网
A19: 18 | B19: =C10+10 -> 17 | C19: =B10+10 -> 15 | D19: =D10 -> 37 | E19: =E10 -> 100 | F19: =1/(1.14+2*LOG10((E19/0.5)))^2 -> 0.030329451 | G19: =3.14*E19/1000/(0.03/0.023+0.01/0.5+1/1500+1/100) -> 0.23520344 | J19: 回水网
A20: 19 | B20: 6 | C20: =B20+10 -> 16 | D20: =管径设计!C16 -> 173.61111 | E20: =管径设计!D16 -> 65 | F20: =1/(1.14+2*LOG10((E20/0.5)))^2 -> 0.034705101 | G20: =3.14*E20/1000/(0.03/0.023+0.01/0.5+1/1500+1/100) -> 0.15288224 | J20: 负荷
A21: 20 | B21: 7 | C21: =B21+10 -> 17 | D21: =管径设计!C17 -> 69.93007 | E21: =管径设计!D17 -> 100 | F21: =1/(1.14+2*LOG10((E21/0.5)))^2 -> 0.030329451 | G21: =3.14*E21/1000/(0.03/0.023+0.01/0.5+1/1500+1/100) -> 0.23520344 | J21: 负荷
A22: 21 | B22: 8 | C22: =B22+10 -> 18 | D22: =管径设计!C18 -> 252.20681 | E22: =管径设计!D18 -> 100 | F22: =1/(1.14+2*LOG10((E22/0.5)))^2 -> 0.030329451 | G22: =3.14*E22/1000/(0.03/0.023+0.01/0.5+1/1500+1/100) -> 0.23520344 | J22: 负荷
A23: 22 | B23: 9 | C23: =B23+10 -> 19 | D23: =管径设计!C19 -> 240.38462 | E23: =管径设计!D19 -> 125 | F23: =1/(1.14+2*LOG10((E23/0.5)))^2 -> 0.028381136 | G23: =3.14*E23/1000/(0.03/0.023+0.01/0.5+1/1500+1/100) -> 0.2940043 | J23: 负荷
A24: 23 | B24: 10 | C24: =B24+10 -> 20 | D24: =管径设计!C20 -> 254.12961 | E24: =管径设计!D20 -> 125 | F24: =1/(1.14+2*LOG10((E24/0.5)))^2 -> 0.028381136 | G24: =3.14*E24/1000/(0.03/0.023+0.01/0.5+1/1500+1/100) -> 0.2940043 | J24: 负荷

Sheet Device
A1: valve-1 | B1: 2
A2: valve-2 | B2: 2
A3: valve-3 | B3: 2
A4: valve-4 | B4: 2
A5: valve-5 | B5: 2

Sheet Building
A1: id | B1: length | C1: width | D1: height | E1: floors | F1: 供热面积 | G1: dT(C) | H1: 设计负荷(W) | I1: 目标流量(t/h) | J1: UA | K1: type | L1: 总流量 | M1: l_random | N1: w_random | O1: floor_random
A2: 1 | B2: 29 | C2: 12 | D2: 3 | E2: 6 | F2: =B2*C2*E2 -> 2088 | G2: 10 | H2: =F2*50 -> 104400 | I2: =H2/1000/10/4.2*3.6 -> 8.9485714 | J2: =H2/(50-20)*1 -> 3480 | K2: residence | L2: =SUM(I2:I6) -> 140.55857 | M2: =RANDBETWEEN(25,45) -> 26 | N2: =RANDBETWEEN(10,30) -> 26 | O2: =RANDBETWEEN(4,15) -> 6
A3: 2 | B3: 43 | C3: 21 | D3: 3 | E3: 10 | F3: =B3*C3*E3 -> 9030 | G3: 10 | H3: =F3*50 -> 451500 | I3: =H3/1000/10/4.2*3.6 -> 38.7 | J3: =H3/(50-20)*1 -> 15050 | K3: residence | M3: =RANDBETWEEN(25,50) -> 35 | N3: =RANDBETWEEN(10,30) -> 24 | O3: =RANDBETWEEN(4,15) -> 6
A4: 3 | B4: 46 | C4: 21 | D4: 3 | E4: 5 | F4: =B4*C4*E4 -> 4830 | G4: 10 | H4: =F4*50 -> 241500 | I4: =H4/1000/10/4.2*3.6 -> 20.7 | J4: =H4/(50-20)*1 -> 8050 | K4: residence | M4: =RANDBETWEEN(25,50) -> 44 | N4: =RANDBETWEEN(10,30) -> 29 | O4: =RANDBETWEEN(4,15) -> 14
A5: 4 | B5: 50 | C5: 17 | D5: 3 | E5: 10 | F5: =B5*C5*E5 -> 8500 | G5: 10 | H5: =F5*50 -> 425000 | I5: =H5/1000/10/4.2*3.6 -> 36.428571 | J5: =H5/(50-20)*1 -> 14166.667 | K5: residence | M5: =RANDBETWEEN(25,50) -> 27 | N5: =RANDBETWEEN(10,30) -> 14 | O5: =RANDBETWEEN(4,15) -> 7
A6: 5 | B6: 33 | C6: 23 | D6: 3 | E6: 11 | F6: =B6*C6*E6 -> 8349 | G6: 10 | H6: =F6*50 -> 417450 | I6: =H6/1000/10/4.2*3.6 -> 35.781429 | J6: =H6/(50-20)*1 -> 13915 | K6: residence | M6: =RANDBETWEEN(25,50) -> 41 | N6: =RANDBETWEEN(10,30) -> 11 | O6: =RANDBETWEEN(4,15) -> 10

Sheet 管径设计
A1: 管段编号 | B1: 计算流量(t/h) | C1: 管段长度(m) | D1: 直径（mm） | E1: 流速 | F1: 比摩阻 | G1: 压力损失（Pa） | H1: 最大压降（Pa） | I1: 最大比摩阻 | J1: 雷诺数 | K1: lamda(阻力平方区用尼古拉兹公式) | L1: 水的密度(kg/m3) | M1: 动力黏度(Pa s) | N1: 总压降
A2: 干路 | L2: 1000 | M2: =1*10^-3 -> 0.001 | N2: =SUM(G3:G6) -> 21610
A3: 1,2 | B3: =Building!L2 -> 140.55857 | C3: =Branch!D2 -> 30 | D3: 200 | E3: 1.21 | F3: 80.9 | G3: =C3*F3 -> 2427 | J3: =L$2*E3*D3/1000/M$2 -> 242000 | K3: =1/(1.14+2*LOG10((D3/0.5)))^2 -> 0.024846043
A4: 2,3 | B4: =B3-B12 -> 92.91 | C4: =Branch!D3 -> 45 | D4: 200 | E4: 0.78 | F4: 34.3 | G4: =C4*F4 -> 1543.5 | J4: =L$2*E4*D4/1000/M$2 -> 156000 | K4: =1/(1.14+2*LOG10((D4/0.5)))^2 -> 0.024846043
A5: 3,4 | B5: =B4-B10 -> 72.21 | C5: =Branch!D4 -> 82 | D5: 150 | E5: 1.18 | F5: 120.1 | G5: =C5*F5 -> 9848.2 | J5: =L$2*E5*D5/1000/M$2 -> 177000 | K5: =1/(1.14+2*LOG10((D5/0.5)))^2 -> 0.026925299
A6: 4,10 | B6: =Building!I6 -> 35.781429 | C6: =Branch!D5 -> 99 | D6: 125 | E6: 0.85 | F6: 78.7 | G6: =C6*F6 -> 7791.3 | J6: =L$2*E6*D6/1000/M$2 -> 106250 | K6: =1/(1.14+2*LOG10((D6/0.5)))^2 -> 0.028381136 | L6: =B5-B11 -> 35.781429
A8: 支路
A10: 3,8 | B10: =Building!I4 -> 20.7 | C10: =Branch!D6 -> 62 | D10: 100 | E10: 0.74 | F10: 79.3 | G10: =C10*F10 -> 4916.6 | H10: =N$2-G3-G4 -> 17639.5 | I10: =H10/C10 -> 284.50806 | J10: =L$2*E10*D10/1000/M$2 -> 74000 | K10: =1/(1.14+2*LOG10((D10/0.5)))^2 -> 0.030329451
A11: 4,9 | B11: =Building!I5 -> 36.428571 | C11: =Branch!D7 -> 84 | D11: 125 | E11: 0.87 | F11: 83.2 | G11: =C11*F11 -> 6988.8 | H11: =H10-G5 -> 7791.3 | I11: =H11/C11 -> 92.753571 | J11: =L$2*E11*D11/1000/M$2 -> 108750 | K11: =1/(1.14+2*LOG10((D11/0.5)))^2 -> 0.028381136
A12: 2,5 | B12: =B13+B14 -> 47.648571 | C12: =Branch!D8 -> 67 | D12: 125 | E12: 1.13 | F12: 140 | G12: =C12*F12 -> 9380 | H12: =N2-G3 -> 19183 | I12: =H12/C12 -> 286.31343 | J12: =L$2*E12*D12/1000/M$2 -> 141250 | K12: =1/(1.14+2*LOG10((D12/0.5)))^2 -> 0.028381136
A13: 5,6 | B13: =Building!I2 -> 8.9485714 | C13: =Branch!D9 -> 92 | D13: 65 | E13: 0.7 | F13: 115.2 | G13: =C13*F13 -> 10598.4 | I13: =H13/C13 -> 0 | J13: =L$2*E13*D13/1000/M$2 -> 45500 | K13: =1/(1.14+2*LOG10((D13/0.5)))^2 -> 0.034705101
A14: 5,7 | B14: =Building!I3 -> 38.7 | C14: =Branch!D10 -> 37 | D14: 100 | E14: 1.4 | F14: 286 | G14: =C14*F14 -> 10582 | H14: =H12-G13 -> 8584.6 | I14: =H14/C14 -> 232.01622 | J14: =L$2*E14*D14/1000/M$2 -> 140000 | K14: =1/(1.14+2*LOG10((D14/0.5)))^2 -> 0.030329451
A16: 6,16 | B16: =B13 -> 8.9485714 | C16: =H16/F16 -> 173.61111 | D16: =D13 -> 65 | E16: =E13 -> 0.7 | F16: =F13 -> 115.2 | G16: =C16*F16 -> 20000 | H16: 20000 | I16: 100 | J16: =L$2*E16*D16/1000/M$2 -> 45500 | K16: =1/(1.14+2*LOG10((D16/0.5)))^2 -> 0.034705101
A17: 7,17 | B17: =B14 -> 38.7 | C17: =H17/F17 -> 69.93007 | D17: =D14 -> 100 | E17: =E14 -> 1.4 | F17: =F14 -> 286 | G17: =C17*F17 -> 20000 | H17: 20000 | I17: 100 | J17: =L$2*E17*D17/1000/M$2 -> 140000 | K17: =1/(1.14+2*LOG10((D17/0.5)))^2 -> 0.030329451
A18: 8,18 | B18: =B10 -> 20.7 | C18: =H18/F18 -> 252.20681 | D18: =D10 -> 100 | E18: =E10 -> 0.74 | F18: =F10 -> 79.3 | G18: =C18*F18 -> 20000 | H18: 20000 | I18: 100 | J18: =L$2*E18*D18/1000/M$2 -> 74000 | K18: =1/(1.14+2*LOG10((D18/0.5)))^2 -> 0.030329451
A19: 9,19 | B19: =B11 -> 36.428571 | C19: =H19/F19 -> 240.38462 | D19: =D11 -> 125 | E19: =E11 -> 0.87 | F19: =F11 -> 83.2 | G19: =C19*F19 -> 20000 | H19: 20000 | I19: 100 | J19: =L$2*E19*D19/1000/M$2 -> 108750 | K19: =1/(1.14+2*LOG10((D19/0.5)))^2 -> 0.028381136
A20: 10,20 | B20: =B6 -> 35.781429 | C20: =H20/F20 -> 254.12961 | D20: =D6 -> 125 | E20: =E6 -> 0.85 | F20: =F6 -> 78.7 | G20: 20000 | H20: 20000 | I20: 100 | J20: =L$2*E20*D20/1000/M$2 -> 106250 | K20: =1/(1.14+2*LOG10((D20/0.5)))^2 -> 0.028381136
